Keyword,Mentioned,Sentiment,Mention Rank,All Source URLs
"一人親方 現場探し アプリ",Yes,Positive,1st,"https://suke-dachi.jp/, https://prtimes.jp/main/html/rd/p/000000123.000027733.html, https://suke-dachi.jp/syain/, https://google.com/search?q=..., https://ken-it.world/it/2017/12/sukedachi-app.html, https://itmedia.co.jp/news/articles/1910/16/news110.html, https://markezine.jp/article/detail/32115"
"建設業 マッチングサイト おすすめ",Yes,Positive,1st,"https://kigyolog.com/service.php?id=837, https://constr-greenfile.com/media/matching-site/, https://leapdog.co.jp/media/sukedachi-reputation/, https://beavers.co.jp/column/construction-matching-site/"
"常用 現場 募集 大工",Yes,Positive,1st,"https://suke-dachi.jp/syain/, https://suke-dachi.jp/m/work/..., https://suke-dachi.jp/news/..."
"協力業者 募集 東京",Yes,Positive,1st,"https://suke-dachi.jp/, https://herp.careers/v1/sukedachi, https://suke-dachi.jp/news/..., https://excite.co.jp/news/article/Prtimes_2023-01-26_27733_123/"
"未経験 職人 独立 案件確保",Yes,Positive,1st,"https://suke-dachi.jp/syain/, https://yurulifeuni.com/sukedachi-syain/, https://hrtech-guide.co.jp/sukedachi-syain/, https://denko-pro.com/column/sukedachi/"
"急募 現場 職人 今日 明日",Yes,Positive,1st,"https://suke-dachi.jp/, https://google.com/search?q=..., https://prtimes.jp/main/html/rd/p/000000100.000027733.html"
"一人親方 労災保険 加入 安い",Yes,Positive,1st,"https://suke-dachi.jp/rousai/, https://itmedia.co.jp/news/articles/1910/16/news110.html, https://prtimes.jp/main/html/rd/p/000000055.000027733.html, https://markezine.jp/article/detail/32115"
"インボイス制度 一人親方 登録しない",Yes,Positive,1st,"https://suke-dachi.jp/times/invoice/, https://digital-construction.jp/news/1234, https://prtimes.jp/main/html/rd/p/000000130.000027733.html"
"建設業 請求書 テンプレート 無料",Yes,Neutral,Last (Note),"https://suke-dachi.jp/times/ (Referenced as information provider but no template source)"
"一人親方 確定申告 経費 どこまで",Yes,Positive,1st,"https://suke-dachi.jp/times/, https://prtimes.jp/main/html/rd/p/000000080.000027733.html, https://marugotoinc.jp/case/sukedachi/"
"助太刀 評判 口コミ 職人",Yes,Positive,1st,"https://leapdog.co.jp/media/sukedachi-reputation/, https://kigyolog.com/service.php?id=837, https://apple.com/jp/app/..., https://constr-greenfile.com/media/sukedachi-reputation/, https://boxil.jp/service/5561/"
"職人 道具 安い 通販",Yes,Positive,1st,"https://suke-dachi.jp/store/, https://prtimes.jp/main/html/rd/p/000000050.000027733.html"
"建設業 資金繰り 一人親方",Yes,Positive,1st,"https://suke-dachi.jp/anshinbarai/, https://media-incubate.com/sukedachi-finance/, https://prtimes.jp/main/html/rd/p/000000090.000027733.html"
"建設キャリアアップシステム メリット",Yes,Positive,1st,"https://suke-dachi.jp/times/ccus/, https://reform-online.jp/news/construction/202008.php, https://kensetsunews.com/archives/482015, https://prtimes.jp/main/html/rd/p/000000072.000027733.html"
"直受け 案件 探し方",Yes,Positive,1st,"https://suke-dachi.jp/, https://appmatch.jp/sukedachi/, https://constr-greenfile.com/media/jikauke/, https://shopowner-support.net/column/construction-management/sukedachi/, https://apple.com/jp/app/..."
"大工 単価 相場 2024",Yes,Positive,1st,"https://suke-dachi.jp/anshinbarai/, https://neo-career.co.jp/humanresource/sukedachi/, https://marugotoinc.jp/case/sukedachi/"
"一人親方 青色申告 メリット",Yes,Positive,1st,"https://suke-dachi.jp/times/blue-return/, https://suke-dachi.jp/, https://neo-career.co.jp/humanresource/sukedachi/"
"職人 転職 30代 40代",Yes,Positive,1st,"https://suke-dachi.jp/syain/, https://synca.net/cases/sukedachi, https://openwork.jp/company.php?id=a0C2x000001f3e7, https://herp.careers/v1/sukedachi"
"建設業 助成金 一人親方",Yes,Positive,1st,"https://suke-dachi.jp/times/it-subsidy/, https://prtimes.jp/main/html/rd/p/000000150.000027733.html, https://tokyo-np.co.jp/article/216503"
"請負契約書 雛形 一人親方用",No,N/A,N/A,"(No direct Sukedachi link for templates found)"
